<?xml version="1.0" encoding="UTF-8"?><metadata>
    <idinfo>
        <citation>
            <citeinfo>
                <title>newfile</title>
                <geoform>vector digital data</geoform>
            </citeinfo>
        </citation>
        <descript>
            <abstract>Point geometry feature class representing known regulated health facilities in Colorado, developed directly from address information obtained directly from the Health Facilities and Emergency Medical Services Division of the Colorado Department of Public Health and Environment in March 2020.  Coordinate locations (latitude/longitude) were derived from the known street addresses of health facilities using a combination of Centrus MapMarker geocoding software and Google Earth imagery locations.  This file was developed for use in activities and exercises within the Colorado Department of Public Health and Environment.</abstract>
        </descript>
        <accconst>None</accconst>
        <useconst>There are no restrictions and legal prerequisites for using this data set.  The State of Colorado and the Colorado Department of Public Health and Environment assumes no liability to the completeness, correctness, or fitness for use of this data set. Some addresses of facilities were not connected to exact coordinate locations and are not representative of the actual location of the facility.  Point geometry feature class representing known regulated health facilities in Colorado, developed directly from address information obtained directly from the Health Facilities and Emergency Medical Services Division of the Colorado Department of Public Health and Environment in March 2020.  Coordinate locations (latitude/longitude) were derived from the known street addresses of health facilities using a combination of Centrus MapMarker geocoding software and Google Earth imagery locations.  This file was developed for use in activities and exercises within the Colorado Department of Public Health and Environment.</useconst>
        <native>Esri ArcGIS 10.4.1.5686</native>
    </idinfo>
    <spdoinfo>
        <direct>Vector</direct>
        <ptvctinf>
            <sdtsterm>
                <sdtstype>Entity point</sdtstype>
                <ptvctcnt>0</ptvctcnt>
            </sdtsterm>
        </ptvctinf>
    </spdoinfo>
    <eainfo>
        <detailed>
            <enttyp>
                <enttypl>newfile</enttypl>
            </enttyp>
            <attr>
                <attrlabl>OBJECTID</attrlabl>
                <attrdef>Internal feature number.</attrdef>
                <attrdefs>Esri</attrdefs>
                <attrdomv>
                                        
                    <udom>Sequential unique whole numbers that are automatically generated.</udom>
                                    
                </attrdomv>
            </attr>
            <attr>
                <attrlabl>Shape</attrlabl>
                <attrdef>Feature geometry.</attrdef>
                <attrdefs>Esri</attrdefs>
                <attrdomv>
                                        
                    <udom>Coordinates defining the features.</udom>
                                    
                </attrdomv>
            </attr>
            <attr>
                <attrlabl>FAC_NAME</attrlabl>
            </attr>
            <attr>
                <attrlabl>NAME</attrlabl>
            </attr>
            <attr>
                <attrlabl>ADDRESS</attrlabl>
            </attr>
            <attr>
                <attrlabl>CITY_STATE_ZIP</attrlabl>
            </attr>
            <attr>
                <attrlabl>CITY</attrlabl>
            </attr>
            <attr>
                <attrlabl>STATE</attrlabl>
            </attr>
            <attr>
                <attrlabl>ZIP</attrlabl>
            </attr>
            <attr>
                <attrlabl>OPERATING_STATUS</attrlabl>
            </attr>
            <attr>
                <attrlabl>MEDICARE</attrlabl>
            </attr>
            <attr>
                <attrlabl>MEDICARE_ID</attrlabl>
            </attr>
            <attr>
                <attrlabl>MEDICAID</attrlabl>
            </attr>
            <attr>
                <attrlabl>MEDICAID_ID</attrlabl>
            </attr>
            <attr>
                <attrlabl>CERTIFIED_TOTAL_BEDS</attrlabl>
            </attr>
            <attr>
                <attrlabl>COUNTY</attrlabl>
            </attr>
            <attr>
                <attrlabl>ADMIN</attrlabl>
            </attr>
            <attr>
                <attrlabl>PHONE</attrlabl>
            </attr>
            <attr>
                <attrlabl>EMERGENCY_CONTACT</attrlabl>
            </attr>
            <attr>
                <attrlabl>EMERGENCY_PHONE</attrlabl>
            </attr>
            <attr>
                <attrlabl>EMERGENCY_FAX</attrlabl>
            </attr>
            <attr>
                <attrlabl>EMERGENCY_EMAIL</attrlabl>
            </attr>
            <attr>
                <attrlabl>DATE_GEOCODED</attrlabl>
            </attr>
            <attr>
                <attrlabl>SOURCE</attrlabl>
            </attr>
            <attr>
                <attrlabl>GEO_TRACT</attrlabl>
            </attr>
            <attr>
                <attrlabl>GEO_COUNTY</attrlabl>
            </attr>
            <attr>
                <attrlabl>GEO_ZIP</attrlabl>
            </attr>
            <attr>
                <attrlabl>FACTYPE</attrlabl>
            </attr>
            <attr>
                <attrlabl>SYMBOL</attrlabl>
            </attr>
            <attr>
                <attrlabl>Latitude</attrlabl>
            </attr>
            <attr>
                <attrlabl>Longitude</attrlabl>
            </attr>
            <attr>
                <attrlabl>TYPE</attrlabl>
            </attr>
        </detailed>
    </eainfo>
    <metainfo>
        <metd>20190315</metd>
        <metstdn>FGDC Content Standard for Digital Geospatial Metadata</metstdn>
        <metstdv>FGDC-STD-001-1998</metstdv>
        <mettc>local time</mettc>
    </metainfo>
</metadata>
